Name,Email,Password,Phone No,Age,Blood Group,Gender,City
,,,,,,,
Parimal Patel,parimal2@gmail.com,P1234p,9664650121,24,B+,Male,Junagadh
,,,,,,,
Gauarv Sakariya,gaurav1@gmail.com,G1234g,9664680390,20,B+,Male,Rajkot
,,,,,,,
Virang Virani,virang3@gmail.com,V1234v,9429800408,20,O+,Male,Junagadh
,,,,,,,
Khushi patel,khushi4@gmail.com,K1234k,7825859674,23,B-,Female,Ahemdabad
,,,,,,,
Savan Vaghani,savan5@gmail.com,S1234s,7852369812,36,AB+,Male,Surat
,,,,,,,
Mital Shah,mital6@gmail.com,M1234m,7896321452,29,O-,Female,Vadodara
,,,,,,,
Priyal Vadgama,priyal7@gmail.com,P1234p,7412369850,32,AB-,Male,Rajkot
,,,,,,,
Utsav Thakkar,utsav8@gmail.com,U1234u,9978185533,42,A+,Male,Vadodara
,,,,,,,
Keval Modi,keval9@gmail.com,K1234k,7412589631,45,B+,Male,Ahemdabad
,,,,,,,
Sneha Desai,sneha10@gmail.com,S1234s,9685964123,36,AB+,Female,Vadodara
,,,,,,,
Yagnik Patel,yagnik11@gmail.com,Y1234y,5462178960,40,A+,Male,Surat
